Page Type,Title,URL Handle,Parent Pillar Title,Parent Pillar URL Handle
Pillar,Ergonomic Home Office Setup,/ergonomic-home-office-setup,,
Subtopic,How to Set Up an Ergonomic Home Office,/ergonomic-home-office-setup-guide,Ergonomic Home Office Setup,/ergonomic-home-office-setup
Subtopic,Best Desk Height for Ergonomic Comfort,/best-desk-height,Ergonomic Home Office Setup,/ergonomic-home-office-setup
Subtopic,How to Adjust Your Chair for Proper Posture,/adjust-office-chair-posture,Ergonomic Home Office Setup,/ergonomic-home-office-setup
Subtopic,Importance of Armrests in an Ergonomic Setup,/importance-of-armrests,Ergonomic Home Office Setup,/ergonomic-home-office-setup
Subtopic,Choosing the Right Desk for Your Home Office,/choosing-the-right-desk,Ergonomic Home Office Setup,/ergonomic-home-office-setup
Subtopic,Ergonomic Desk Accessories for Comfort,/ergonomic-desk-accessories,Ergonomic Home Office Setup,/ergonomic-home-office-setup
Subtopic,Setting Up a Pain-Free Workstation,/pain-free-workstation-setup,Ergonomic Home Office Setup,/ergonomic-home-office-setup
Subtopic,Best Footrests for Improved Leg Support,/best-office-footrests,Ergonomic Home Office Setup,/ergonomic-home-office-setup
Subtopic,How to Reduce Neck Strain While Working,/reduce-neck-strain-work,Ergonomic Home Office Setup,/ergonomic-home-office-setup
Subtopic,Common Ergonomic Mistakes & How to Fix Them,/common-ergonomic-mistakes,Ergonomic Home Office Setup,/ergonomic-home-office-setup
Subtopic,Best Practices for Sitting and Standing While Working,/sitting-vs-standing-work,Ergonomic Home Office Setup,/ergonomic-home-office-setup
Subtopic,Do You Need an Ergonomic Mat for Standing Desks?,/ergonomic-mats-standing-desk,Ergonomic Home Office Setup,/ergonomic-home-office-setup
Subtopic,How to Improve Circulation While Working from Home,/improve-circulation-remote-work,Ergonomic Home Office Setup,/ergonomic-home-office-setup
Subtopic,Best Posture Tips for Laptop Users,/posture-tips-laptop-users,Ergonomic Home Office Setup,/ergonomic-home-office-setup
Subtopic,How to Maintain a Neutral Spine While Working,/neutral-spine-posture,Ergonomic Home Office Setup,/ergonomic-home-office-setup
Subtopic,Desk Setup Checklist for Remote Workers,/desk-setup-checklist,Ergonomic Home Office Setup,/ergonomic-home-office-setup
Subtopic,Best Office Setup for Multiple Screens,/best-office-setup-multiple-screens,Ergonomic Home Office Setup,/ergonomic-home-office-setup
Subtopic,How to Customize Your Workspace for Maximum Comfort,/customize-workspace-comfort,Ergonomic Home Office Setup,/ergonomic-home-office-setup
Subtopic,Why Ergonomics Matter for Remote Workers,/why-ergonomics-matter,Ergonomic Home Office Setup,/ergonomic-home-office-setup
Subtopic,How to Measure Your Ideal Desk and Chair Height,/measure-desk-chair-height,Ergonomic Home Office Setup,/ergonomic-home-office-setup
Pillar,Standing Desks & Adjustable Workstations,/standing-desks-workstations,,
Subtopic,Benefits of Using a Standing Desk,/standing-desk-benefits,Standing Desks & Adjustable Workstations,/standing-desks-workstations
Subtopic,Top 10 Best Standing Desks of the Year,/best-standing-desks,Standing Desks & Adjustable Workstations,/standing-desks-workstations
Subtopic,Electric vs. Manual Standing Desks: Pros & Cons,/electric-vs-manual-standing-desk,Standing Desks & Adjustable Workstations,/standing-desks-workstations
Subtopic,How to Switch Between Sitting and Standing at Work,/sit-stand-workflow,Standing Desks & Adjustable Workstations,/standing-desks-workstations
Subtopic,Best Ergonomic Standing Desk Converters,/best-standing-desk-converters,Standing Desks & Adjustable Workstations,/standing-desks-workstations
Subtopic,How to Reduce Fatigue When Using a Standing Desk,/reduce-fatigue-standing-desk,Standing Desks & Adjustable Workstations,/standing-desks-workstations
Subtopic,Are Standing Desks Really Better for Your Health?,/standing-desk-health-benefits,Standing Desks & Adjustable Workstations,/standing-desks-workstations
Subtopic,How to Set Up a Standing Desk Correctly,/standing-desk-setup-guide,Standing Desks & Adjustable Workstations,/standing-desks-workstations
Subtopic,Best Anti-Fatigue Mats for Standing Desks,/best-anti-fatigue-mats,Standing Desks & Adjustable Workstations,/standing-desks-workstations
Subtopic,The Ideal Standing Desk Height for Your Body,/ideal-standing-desk-height,Standing Desks & Adjustable Workstations,/standing-desks-workstations
Subtopic,Do You Need a Footrest with a Standing Desk?,/footrest-for-standing-desk,Standing Desks & Adjustable Workstations,/standing-desks-workstations
Subtopic,How to Avoid Back Pain When Using a Standing Desk,/avoid-back-pain-standing-desk,Standing Desks & Adjustable Workstations,/standing-desks-workstations
Subtopic,Best Adjustable Desks for Small Spaces,/best-adjustable-desks-small-spaces,Standing Desks & Adjustable Workstations,/standing-desks-workstations
Subtopic,How to Work Comfortably at a Standing Desk,/comfortable-standing-desk-work,Standing Desks & Adjustable Workstations,/standing-desks-workstations
Subtopic,Standing Desk Weight Limits: What You Should Know,/standing-desk-weight-limit,Standing Desks & Adjustable Workstations,/standing-desks-workstations
Subtopic,Treadmill Desks: Are They Worth It?,/treadmill-desk-worth-it,Standing Desks & Adjustable Workstations,/standing-desks-workstations
Subtopic,Best Chairs for Sit-Stand Workstations,/best-chairs-sit-stand,Standing Desks & Adjustable Workstations,/standing-desks-workstations
Subtopic,How Long Should You Stand vs. Sit at Work?,/how-long-to-stand-vs-sit,Standing Desks & Adjustable Workstations,/standing-desks-workstations
Subtopic,DIY Standing Desk Setup Ideas,/diy-standing-desk-setup,Standing Desks & Adjustable Workstations,/standing-desks-workstations
Subtopic,The Science Behind Standing Desks & Productivity,/standing-desks-productivity,Standing Desks & Adjustable Workstations,/standing-desks-workstations
Pillar,Best Office Chairs for Remote Workers,/best-office-chairs,,
Subtopic,Best Ergonomic Office Chairs for Back Support,/best-ergonomic-office-chairs,Best Office Chairs for Remote Workers,/best-office-chairs
Subtopic,Mesh vs. Leather Office Chairs: Which Is Better?,/mesh-vs-leather-office-chairs,Best Office Chairs for Remote Workers,/best-office-chairs
Subtopic,How to Choose the Right Office Chair for Your Needs,/choose-right-office-chair,Best Office Chairs for Remote Workers,/best-office-chairs
Subtopic,Best Budget Office Chairs for Remote Work,/best-budget-office-chairs,Best Office Chairs for Remote Workers,/best-office-chairs
Subtopic,Why Lumbar Support is Crucial in Office Chairs,/importance-of-lumbar-support,Best Office Chairs for Remote Workers,/best-office-chairs
Subtopic,Office Chair Seat Depth & Why It Matters,/office-chair-seat-depth,Best Office Chairs for Remote Workers,/best-office-chairs
Subtopic,Best Office Chairs for Short People,/best-office-chairs-short-people,Best Office Chairs for Remote Workers,/best-office-chairs
Subtopic,Best Office Chairs for Tall People,/best-office-chairs-tall-people,Best Office Chairs for Remote Workers,/best-office-chairs
Subtopic,How to Adjust an Office Chair for Maximum Comfort,/adjust-office-chair-comfort,Best Office Chairs for Remote Workers,/best-office-chairs
Subtopic,The Best Reclining Office Chairs for Remote Workers,/best-reclining-office-chairs,Best Office Chairs for Remote Workers,/best-office-chairs
Subtopic,Are Gaming Chairs Good for Office Work?,/gaming-chairs-vs-office-chairs,Best Office Chairs for Remote Workers,/best-office-chairs
Subtopic,Most Comfortable Office Chairs for Long Hours,/most-comfortable-office-chairs,Best Office Chairs for Remote Workers,/best-office-chairs
Subtopic,Best Office Chairs for Sciatica Relief,/best-office-chairs-sciatica,Best Office Chairs for Remote Workers,/best-office-chairs
Subtopic,How to Clean and Maintain Your Office Chair,/clean-maintain-office-chair,Best Office Chairs for Remote Workers,/best-office-chairs
Subtopic,Best Office Chairs with Adjustable Armrests,/best-office-chairs-armrests,Best Office Chairs for Remote Workers,/best-office-chairs
Subtopic,Top Office Chairs Under $300,/best-office-chairs-under-300,Best Office Chairs for Remote Workers,/best-office-chairs
Subtopic,Best High-Back Office Chairs for Neck Support,/best-high-back-office-chairs,Best Office Chairs for Remote Workers,/best-office-chairs
Subtopic,Office Chair Caster Wheels: Best Options & Upgrades,/best-office-chair-wheels,Best Office Chairs for Remote Workers,/best-office-chairs
Subtopic,Ergonomic Kneeling Chairs: Are They Worth It?,/ergonomic-kneeling-chairs,Best Office Chairs for Remote Workers,/best-office-chairs
Subtopic,Best Office Chairs for Hybrid Workspaces,/best-office-chairs-hybrid-work,Best Office Chairs for Remote Workers,/best-office-chairs
Pillar,Monitor Setups & Screen Ergonomics,/monitor-setups-ergonomics,,
Subtopic,How to Set Up Dual Monitors for Productivity,/dual-monitor-setup-guide,Monitor Setups & Screen Ergonomics,/monitor-setups-ergonomics
Subtopic,Best Monitor Arms for Adjustable Screen Positioning,/best-monitor-arms,Monitor Setups & Screen Ergonomics,/monitor-setups-ergonomics
Subtopic,Ideal Monitor Height & Distance for Eye Comfort,/ideal-monitor-height-distance,Monitor Setups & Screen Ergonomics,/monitor-setups-ergonomics
Subtopic,Curved vs. Flat Monitors: Which is Better for Work?,/curved-vs-flat-monitors,Monitor Setups & Screen Ergonomics,/monitor-setups-ergonomics
Subtopic,Blue Light Filters: Do They Really Work?,/blue-light-filter-benefits,Monitor Setups & Screen Ergonomics,/monitor-setups-ergonomics
Subtopic,Best Monitors for Remote Workers,/best-monitors-remote-work,Monitor Setups & Screen Ergonomics,/monitor-setups-ergonomics
Subtopic,How to Reduce Screen Glare and Eye Strain,/reduce-screen-glare,Monitor Setups & Screen Ergonomics,/monitor-setups-ergonomics
Subtopic,What is a 4K Monitor & Do You Need One for Work?,/4k-monitors-for-work,Monitor Setups & Screen Ergonomics,/monitor-setups-ergonomics
Subtopic,The Best Ultrawide Monitors for Productivity,/best-ultrawide-monitors,Monitor Setups & Screen Ergonomics,/monitor-setups-ergonomics
Subtopic,Single vs. Multi-Monitor Setups: Pros & Cons,/single-vs-multi-monitor-setup,Monitor Setups & Screen Ergonomics,/monitor-setups-ergonomics
Subtopic,How to Position Your Laptop Screen Ergonomically,/laptop-screen-ergonomics,Monitor Setups & Screen Ergonomics,/monitor-setups-ergonomics
Subtopic,Best Monitor Stands for Home Offices,/best-monitor-stands,Monitor Setups & Screen Ergonomics,/monitor-setups-ergonomics
Subtopic,The Role of Refresh Rate in Work Monitors,/refresh-rate-work-monitors,Monitor Setups & Screen Ergonomics,/monitor-setups-ergonomics
Subtopic,How to Set Up a Vertical Monitor for Coding & Writing,/vertical-monitor-setup,Monitor Setups & Screen Ergonomics,/monitor-setups-ergonomics
Subtopic,The Best Monitor Sizes for Different Work Needs,/best-monitor-sizes,Monitor Setups & Screen Ergonomics,/monitor-setups-ergonomics
Subtopic,How to Use an External Monitor with a Laptop,/external-monitor-laptop-setup,Monitor Setups & Screen Ergonomics,/monitor-setups-ergonomics
Subtopic,Screen Brightness & Color Settings for Eye Health,/screen-brightness-color-settings,Monitor Setups & Screen Ergonomics,/monitor-setups-ergonomics
Subtopic,Monitor Mounting vs. Desk Stands: Which is Better?,/monitor-mounting-vs-desk-stands,Monitor Setups & Screen Ergonomics,/monitor-setups-ergonomics
Subtopic,The Best USB-C Monitors for Remote Work,/best-usb-c-monitors,Monitor Setups & Screen Ergonomics,/monitor-setups-ergonomics
Subtopic,How to Manage Cables for Multi-Monitor Setups,/cable-management-multi-monitor,Monitor Setups & Screen Ergonomics,/monitor-setups-ergonomics
Pillar,Keyboard & Mouse Ergonomics,/keyboard-mouse-ergonomics,,
Subtopic,Best Ergonomic Keyboards for Remote Workers,/best-ergonomic-keyboards,Keyboard & Mouse Ergonomics,/keyboard-mouse-ergonomics
Subtopic,Mechanical vs. Membrane Keyboards: Which is Better?,/mechanical-vs-membrane-keyboards,Keyboard & Mouse Ergonomics,/keyboard-mouse-ergonomics
Subtopic,Best Ergonomic Mice to Prevent Wrist Pain,/best-ergonomic-mice,Keyboard & Mouse Ergonomics,/keyboard-mouse-ergonomics
Subtopic,How to Avoid Carpal Tunnel Syndrome from Typing,/prevent-carpal-tunnel-typing,Keyboard & Mouse Ergonomics,/keyboard-mouse-ergonomics
Subtopic,Wrist Rests: Do They Actually Help?,/wrist-rest-benefits,Keyboard & Mouse Ergonomics,/keyboard-mouse-ergonomics
Subtopic,Best Split Keyboards for Ergonomic Comfort,/best-split-keyboards,Keyboard & Mouse Ergonomics,/keyboard-mouse-ergonomics
Subtopic,How to Position Your Keyboard for Healthy Typing,/keyboard-positioning-guide,Keyboard & Mouse Ergonomics,/keyboard-mouse-ergonomics
Subtopic,The Best Trackball Mice for Ergonomics,/best-trackball-mice,Keyboard & Mouse Ergonomics,/keyboard-mouse-ergonomics
Subtopic,Best Vertical Mice for Wrist Health,/best-vertical-mice,Keyboard & Mouse Ergonomics,/keyboard-mouse-ergonomics
Subtopic,The Importance of Key Travel in Ergonomic Keyboards,/key-travel-ergonomic-keyboards,Keyboard & Mouse Ergonomics,/keyboard-mouse-ergonomics
Subtopic,How to Reduce Repetitive Strain Injuries (RSI),/reduce-rsi-keyboard-mouse,Keyboard & Mouse Ergonomics,/keyboard-mouse-ergonomics
Subtopic,Wired vs. Wireless Keyboards & Mice: Pros & Cons,/wired-vs-wireless-keyboards-mice,Keyboard & Mouse Ergonomics,/keyboard-mouse-ergonomics
Subtopic,Best Mouse Pads for Ergonomic Comfort,/best-mouse-pads-ergonomic,Keyboard & Mouse Ergonomics,/keyboard-mouse-ergonomics
Subtopic,How to Set Up a Keyboard Tray for Maximum Comfort,/keyboard-tray-setup,Keyboard & Mouse Ergonomics,/keyboard-mouse-ergonomics
Subtopic,Bluetooth Keyboards: Are They Worth It for Remote Work?,/bluetooth-keyboards-worth-it,Keyboard & Mouse Ergonomics,/keyboard-mouse-ergonomics
Subtopic,How to Customize Keyboard Shortcuts for Efficiency,/custom-keyboard-shortcuts,Keyboard & Mouse Ergonomics,/keyboard-mouse-ergonomics
Subtopic,Best Compact Keyboards for Small Desks,/best-compact-keyboards,Keyboard & Mouse Ergonomics,/keyboard-mouse-ergonomics
Subtopic,How to Clean and Maintain Your Keyboard & Mouse,/clean-maintain-keyboard-mouse,Keyboard & Mouse Ergonomics,/keyboard-mouse-ergonomics
Subtopic,The Role of Mouse DPI in Productivity & Comfort,/mouse-dpi-productivity,Keyboard & Mouse Ergonomics,/keyboard-mouse-ergonomics
Subtopic,How to Choose the Best Mouse Grip for Comfort,/best-mouse-grip,Keyboard & Mouse Ergonomics,/keyboard-mouse-ergonomics
Pillar,Lighting for Productivity & Eye Health,/lighting-for-productivity,,
Subtopic,How Lighting Affects Productivity & Mood,/lighting-effects-productivity,Lighting for Productivity & Eye Health,/lighting-for-productivity
Subtopic,Best Desk Lamps for Home Offices,/best-desk-lamps-home-office,Lighting for Productivity & Eye Health,/lighting-for-productivity
Subtopic,Natural Light vs. Artificial Light: Which is Better?,/natural-light-vs-artificial-light,Lighting for Productivity & Eye Health,/lighting-for-productivity
Subtopic,How to Reduce Eye Strain with Proper Lighting,/reduce-eye-strain-lighting,Lighting for Productivity & Eye Health,/lighting-for-productivity
Subtopic,Warm vs. Cool Light for Workspaces,/warm-vs-cool-light-workspaces,Lighting for Productivity & Eye Health,/lighting-for-productivity
Subtopic,Best Smart Lights for Home Offices,/best-smart-lights-home-office,Lighting for Productivity & Eye Health,/lighting-for-productivity
Subtopic,Blue Light Exposure & Its Impact on Sleep,/blue-light-sleep-impact,Lighting for Productivity & Eye Health,/lighting-for-productivity
Subtopic,The Best Light Bulbs for Productivity,/best-light-bulbs-productivity,Lighting for Productivity & Eye Health,/lighting-for-productivity
Subtopic,How to Position Your Desk for Best Lighting,/desk-position-lighting,Lighting for Productivity & Eye Health,/lighting-for-productivity
Subtopic,Task Lighting vs. Ambient Lighting: What’s Best?,/task-lighting-vs-ambient-lighting,Lighting for Productivity & Eye Health,/lighting-for-productivity
Subtopic,How to Minimize Screen Reflections & Glare,/reduce-screen-reflections,Lighting for Productivity & Eye Health,/lighting-for-productivity
Subtopic,Best LED Desk Lamps for Eye Comfort,/best-led-desk-lamps,Lighting for Productivity & Eye Health,/lighting-for-productivity
Subtopic,The Benefits of Using a Ring Light for Video Calls,/ring-light-benefits-video-calls,Lighting for Productivity & Eye Health,/lighting-for-productivity
Subtopic,How Bright Should Your Office Lighting Be?,/ideal-office-light-brightness,Lighting for Productivity & Eye Health,/lighting-for-productivity
Subtopic,Best Monitor Light Bars for Late-Night Work,/best-monitor-light-bars,Lighting for Productivity & Eye Health,/lighting-for-productivity
Subtopic,How to Improve Home Office Lighting on a Budget,/budget-home-office-lighting,Lighting for Productivity & Eye Health,/lighting-for-productivity
Subtopic,The Role of Color Temperature in Workspaces,/color-temperature-workspaces,Lighting for Productivity & Eye Health,/lighting-for-productivity
Subtopic,Flickering Lights & Headaches: How to Fix It,/flickering-lights-headaches,Lighting for Productivity & Eye Health,/lighting-for-productivity
Subtopic,Best Floor Lamps for Home Offices,/best-floor-lamps-home-office,Lighting for Productivity & Eye Health,/lighting-for-productivity
Subtopic,How to Set Up Bias Lighting for Monitors,/bias-lighting-monitors,Lighting for Productivity & Eye Health,/lighting-for-productivity
Pillar,Noise-Canceling Solutions for Home Offices,/noise-canceling-solutions,,
Subtopic,Best Noise-Canceling Headphones for Remote Work,/best-noise-canceling-headphones,Noise-Canceling Solutions for Home Offices,/noise-canceling-solutions
Subtopic,How to Soundproof Your Home Office,/soundproof-home-office,Noise-Canceling Solutions for Home Offices,/noise-canceling-solutions
Subtopic,White Noise Machines: Are They Worth It?,/white-noise-machines-worth-it,Noise-Canceling Solutions for Home Offices,/noise-canceling-solutions
Subtopic,How to Reduce Echo in a Home Office,/reduce-echo-home-office,Noise-Canceling Solutions for Home Offices,/noise-canceling-solutions
Subtopic,Best Acoustic Panels for Noise Reduction,/best-acoustic-panels,Noise-Canceling Solutions for Home Offices,/noise-canceling-solutions
Subtopic,How to Block Out Noisy Neighbors While Working,/block-noisy-neighbors,Noise-Canceling Solutions for Home Offices,/noise-canceling-solutions
Subtopic,Do Noise-Canceling Earbuds Work for Work Calls?,/noise-canceling-earbuds-work,Noise-Canceling Solutions for Home Offices,/noise-canceling-solutions
Subtopic,How to Create a Quiet Workspace in a Shared Home,/quiet-workspace-shared-home,Noise-Canceling Solutions for Home Offices,/noise-canceling-solutions
Subtopic,Best Desk Mats for Reducing Keyboard & Mouse Noise,/best-desk-mats-noise-reduction,Noise-Canceling Solutions for Home Offices,/noise-canceling-solutions
Subtopic,How to Position Furniture to Reduce Noise,/furniture-noise-reduction,Noise-Canceling Solutions for Home Offices,/noise-canceling-solutions
Subtopic,Using Carpets & Rugs for Better Acoustics,/carpets-rugs-noise-reduction,Noise-Canceling Solutions for Home Offices,/noise-canceling-solutions
Subtopic,Best Apps for White Noise & Focus Sounds,/best-white-noise-apps,Noise-Canceling Solutions for Home Offices,/noise-canceling-solutions
Subtopic,Open-Back vs. Closed-Back Headphones: Which is Quieter?,/open-vs-closed-back-headphones,Noise-Canceling Solutions for Home Offices,/noise-canceling-solutions
Subtopic,How to Use Bookshelves for Noise Absorption,/bookshelves-noise-absorption,Noise-Canceling Solutions for Home Offices,/noise-canceling-solutions
Subtopic,The Role of Plants in Office Noise Reduction,/plants-office-noise-reduction,Noise-Canceling Solutions for Home Offices,/noise-canceling-solutions
Subtopic,Best Soundproof Curtains for Home Offices,/best-soundproof-curtains,Noise-Canceling Solutions for Home Offices,/noise-canceling-solutions
Subtopic,How to Stop Keyboard & Mouse Clicks from Being Loud,/reduce-keyboard-mouse-noise,Noise-Canceling Solutions for Home Offices,/noise-canceling-solutions
Subtopic,Best Noise-Canceling Microphones for Work Calls,/best-noise-canceling-microphones,Noise-Canceling Solutions for Home Offices,/noise-canceling-solutions
Subtopic,DIY Noise-Canceling Solutions for Small Offices,/diy-noise-canceling,Noise-Canceling Solutions for Home Offices,/noise-canceling-solutions
Subtopic,How to Manage Noise in Open-Concept Homes,/manage-noise-open-concept,Noise-Canceling Solutions for Home Offices,/noise-canceling-solutions
Pillar,Ideal Room Layouts for Home Offices,/home-office-room-layouts,,
Subtopic,How to Design the Perfect Home Office Layout,/design-home-office-layout,Ideal Room Layouts for Home Offices,/home-office-room-layouts
Subtopic,Best Home Office Layouts for Small Spaces,/best-home-office-layouts-small,Ideal Room Layouts for Home Offices,/home-office-room-layouts
Subtopic,The Ideal Desk Placement for Productivity,/ideal-desk-placement,Ideal Room Layouts for Home Offices,/home-office-room-layouts
Subtopic,How to Create a Dual-Purpose Home Office,/dual-purpose-home-office,Ideal Room Layouts for Home Offices,/home-office-room-layouts
Subtopic,Feng Shui Principles for a Home Office,/feng-shui-home-office,Ideal Room Layouts for Home Offices,/home-office-room-layouts
Subtopic,Open vs. Closed Office Layouts: Which is Better?,/open-vs-closed-office-layouts,Ideal Room Layouts for Home Offices,/home-office-room-layouts
Subtopic,Best Corner Desk Setups for Home Offices,/best-corner-desk-setups,Ideal Room Layouts for Home Offices,/home-office-room-layouts
Subtopic,How to Optimize a Shared Home Office Space,/optimize-shared-home-office,Ideal Room Layouts for Home Offices,/home-office-room-layouts
Subtopic,Best Home Office Layouts for Multiple Monitors,/best-home-office-multiple-monitors,Ideal Room Layouts for Home Offices,/home-office-room-layouts
Subtopic,Creating a Minimalist Home Office Layout,/minimalist-home-office-layout,Ideal Room Layouts for Home Offices,/home-office-room-layouts
Subtopic,Best Layouts for Standing Desk Workstations,/best-layouts-standing-desks,Ideal Room Layouts for Home Offices,/home-office-room-layouts
Subtopic,Home Office Layout Mistakes & How to Avoid Them,/home-office-layout-mistakes,Ideal Room Layouts for Home Offices,/home-office-room-layouts
Subtopic,The Best Workspaces for Creative Professionals,/best-workspaces-creatives,Ideal Room Layouts for Home Offices,/home-office-room-layouts
Subtopic,How to Arrange Furniture for a Productive Office,/arrange-furniture-productive-office,Ideal Room Layouts for Home Offices,/home-office-room-layouts
Subtopic,Best Layouts for Natural Lighting Optimization,/best-layouts-natural-light,Ideal Room Layouts for Home Offices,/home-office-room-layouts
Subtopic,How to Design an Office Nook in Small Apartments,/design-office-nook,Ideal Room Layouts for Home Offices,/home-office-room-layouts
Subtopic,Home Office Layouts for Video Conferencing,/home-office-layout-video-calls,Ideal Room Layouts for Home Offices,/home-office-room-layouts
Subtopic,The Best DIY Home Office Makeover Ideas,/diy-home-office-makeover,Ideal Room Layouts for Home Offices,/home-office-room-layouts
Subtopic,How to Set Up a Home Office in a Bedroom,/home-office-in-bedroom,Ideal Room Layouts for Home Offices,/home-office-room-layouts
Subtopic,How to Make a Home Office Feel More Spacious,/make-home-office-spacious,Ideal Room Layouts for Home Offices,/home-office-room-layouts
Pillar,Cable Management & Desk Organization,/cable-management-desk-organization,,
Subtopic,Best Cable Management Solutions for Desks,/best-cable-management-solutions,Cable Management & Desk Organization,/cable-management-desk-organization
Subtopic,How to Hide Cables & Wires in Your Home Office,/hide-cables-wires-home-office,Cable Management & Desk Organization,/cable-management-desk-organization
Subtopic,Best Under-Desk Cable Trays & Organizers,/best-under-desk-cable-trays,Cable Management & Desk Organization,/cable-management-desk-organization
Subtopic,How to Use Cable Clips & Sleeves for Desk Organization,/cable-clips-sleeves-desk,Cable Management & Desk Organization,/cable-management-desk-organization
Subtopic,The Best Desk Organizers for a Clutter-Free Space,/best-desk-organizers,Cable Management & Desk Organization,/cable-management-desk-organization
Subtopic,How to Prevent Tangled Cords & Cables,/prevent-tangled-cords,Cable Management & Desk Organization,/cable-management-desk-organization
Subtopic,Wireless Charging Solutions for a Clean Desk Setup,/wireless-charging-clean-desk,Cable Management & Desk Organization,/cable-management-desk-organization
Subtopic,Best Desk Drawers & Storage Ideas for Home Offices,/best-desk-drawers-storage,Cable Management & Desk Organization,/cable-management-desk-organization
Subtopic,How to Label & Color-Code Cables for Easy Access,/label-color-code-cables,Cable Management & Desk Organization,/cable-management-desk-organization
Subtopic,Best Wall-Mounted Power Strips for Home Offices,/best-wall-mounted-power-strips,Cable Management & Desk Organization,/cable-management-desk-organization
Subtopic,DIY Cable Management Hacks for Home Offices,/diy-cable-management,Cable Management & Desk Organization,/cable-management-desk-organization
Subtopic,Best Power Strips with USB Ports for Workspaces,/best-power-strips-usb,Cable Management & Desk Organization,/cable-management-desk-organization
Subtopic,How to Use Velcro Straps & Zip Ties for Cable Control,/velcro-straps-zip-ties-cables,Cable Management & Desk Organization,/cable-management-desk-organization
Subtopic,The Best Floating Shelves for Office Organization,/best-floating-shelves-office,Cable Management & Desk Organization,/cable-management-desk-organization
Subtopic,How to Organize Office Supplies for Maximum Efficiency,/organize-office-supplies,Cable Management & Desk Organization,/cable-management-desk-organization
Subtopic,Best Cordless Accessories for a Minimalist Desk,/best-cordless-accessories-desk,Cable Management & Desk Organization,/cable-management-desk-organization
Subtopic,How to Keep Your Desk Clean & Tidy Every Day,/keep-desk-clean-tidy,Cable Management & Desk Organization,/cable-management-desk-organization
Subtopic,The Best Headphone Stands & Hooks for Organization,/best-headphone-stands-hooks,Cable Management & Desk Organization,/cable-management-desk-organization
Subtopic,How to Organize a Home Office with Limited Space,/organize-home-office-small-space,Cable Management & Desk Organization,/cable-management-desk-organization
Subtopic,Best Docking Stations & Hubs for Cable Management,/best-docking-stations-hubs,Cable Management & Desk Organization,/cable-management-desk-organization
Pillar,Remote Work Essentials & Must-Have Gadgets,/remote-work-essentials,,
Subtopic,Top 10 Must-Have Accessories for Remote Workers,/must-have-accessories-remote-work,Remote Work Essentials & Must-Have Gadgets,/remote-work-essentials
Subtopic,Best Noise-Canceling Headphones for Work,/best-noise-canceling-headphones-work,Remote Work Essentials & Must-Have Gadgets,/remote-work-essentials
Subtopic,The Best Laptop Stands for Ergonomic Workspaces,/best-laptop-stands,Remote Work Essentials & Must-Have Gadgets,/remote-work-essentials
Subtopic,Best External Keyboards & Mice for Remote Work,/best-keyboards-mice-remote-work,Remote Work Essentials & Must-Have Gadgets,/remote-work-essentials
Subtopic,Essential Apps & Software for Remote Productivity,/best-apps-software-remote-work,Remote Work Essentials & Must-Have Gadgets,/remote-work-essentials
Subtopic,The Best Microphones for Video Calls & Meetings,/best-microphones-video-calls,Remote Work Essentials & Must-Have Gadgets,/remote-work-essentials
Subtopic,Best WiFi Extenders for Stronger Connectivity,/best-wifi-extenders,Remote Work Essentials & Must-Have Gadgets,/remote-work-essentials
Subtopic,Best Webcams for Remote Work & Video Conferencing,/best-webcams-remote-work,Remote Work Essentials & Must-Have Gadgets,/remote-work-essentials
Subtopic,Best Bluetooth Speakers for Workspaces,/best-bluetooth-speakers-workspaces,Remote Work Essentials & Must-Have Gadgets,/remote-work-essentials
Subtopic,How to Set Up a Dual Monitor Workstation,/dual-monitor-workstation-setup,Remote Work Essentials & Must-Have Gadgets,/remote-work-essentials
Subtopic,Best Docking Stations for Laptop Users,/best-docking-stations-laptops,Remote Work Essentials & Must-Have Gadgets,/remote-work-essentials
Subtopic,Best Portable Monitors for Remote Workers,/best-portable-monitors-remote-work,Remote Work Essentials & Must-Have Gadgets,/remote-work-essentials
Subtopic,The Best Smart Notebooks & Digital Planners,/best-smart-notebooks-digital-planners,Remote Work Essentials & Must-Have Gadgets,/remote-work-essentials
Subtopic,How to Keep Your Devices Charged While Working Remotely,/keep-devices-charged-remote-work,Remote Work Essentials & Must-Have Gadgets,/remote-work-essentials
Subtopic,Best USB Hubs & Adapters for Workstations,/best-usb-hubs-adapters,Remote Work Essentials & Must-Have Gadgets,/remote-work-essentials
Subtopic,Best Noise-Canceling Earbuds for Work,/best-noise-canceling-earbuds-work,Remote Work Essentials & Must-Have Gadgets,/remote-work-essentials
Subtopic,Best Portable Standing Desks for Flexible Workspaces,/best-portable-standing-desks,Remote Work Essentials & Must-Have Gadgets,/remote-work-essentials
Subtopic,The Best Wireless Headsets for Remote Work,/best-wireless-headsets-remote-work,Remote Work Essentials & Must-Have Gadgets,/remote-work-essentials
Subtopic,How to Build the Ultimate Tech-Powered Home Office,/ultimate-tech-home-office,Remote Work Essentials & Must-Have Gadgets,/remote-work-essentials
Subtopic,Best Ergonomic Footrests for Under-Desk Comfort,/best-footrests-under-desk,Remote Work Essentials & Must-Have Gadgets,/remote-work-essentials
Pillar,Posture & Back Health for Remote Workers,/posture-back-health,,
Subtopic,Best Posture Tips for Remote Workers,/best-posture-tips-remote-work,Posture & Back Health for Remote Workers,/posture-back-health
Subtopic,How to Prevent Back Pain While Working from Home,/prevent-back-pain-remote-work,Posture & Back Health for Remote Workers,/posture-back-health
Subtopic,Best Stretches for Remote Workers,/best-stretches-remote-workers,Posture & Back Health for Remote Workers,/posture-back-health
Subtopic,How to Sit Properly for Long Hours,/how-to-sit-properly-long-hours,Posture & Back Health for Remote Workers,/posture-back-health
Subtopic,Standing Desk vs. Sitting: What’s Best for Your Spine?,/standing-desk-vs-sitting,Posture & Back Health for Remote Workers,/posture-back-health
Subtopic,Best Lumbar Support Cushions for Office Chairs,/best-lumbar-support-cushions,Posture & Back Health for Remote Workers,/posture-back-health
Subtopic,How to Avoid Neck Pain from Laptop Use,/avoid-neck-pain-laptop-use,Posture & Back Health for Remote Workers,/posture-back-health
Subtopic,The Importance of Core Strength for Posture,/core-strength-posture-benefits,Posture & Back Health for Remote Workers,/posture-back-health
Subtopic,How to Maintain Good Posture While Typing,/good-posture-while-typing,Posture & Back Health for Remote Workers,/posture-back-health
Subtopic,Best Office Chairs for Back Pain Relief,/best-office-chairs-back-pain,Posture & Back Health for Remote Workers,/posture-back-health
Subtopic,The Role of Footrests in Posture Improvement,/footrests-posture-improvement,Posture & Back Health for Remote Workers,/posture-back-health
Subtopic,How to Adjust Your Chair for Maximum Comfort,/adjust-chair-comfort,Posture & Back Health for Remote Workers,/posture-back-health
Subtopic,How to Reduce Shoulder Pain from Desk Work,/reduce-shoulder-pain-desk-work,Posture & Back Health for Remote Workers,/posture-back-health
Subtopic,Best Yoga Poses for Office Workers,/best-yoga-poses-office-workers,Posture & Back Health for Remote Workers,/posture-back-health
Subtopic,How to Take Effective Breaks to Improve Posture,/take-breaks-improve-posture,Posture & Back Health for Remote Workers,/posture-back-health
Subtopic,Best Ergonomic Accessories for Back Health,/best-ergonomic-accessories-back-health,Posture & Back Health for Remote Workers,/posture-back-health
Subtopic,How to Strengthen Your Back While Working from Home,/strengthen-back-remote-work,Posture & Back Health for Remote Workers,/posture-back-health
Subtopic,Best Desk Exercises to Stay Active While Working,/best-desk-exercises,Posture & Back Health for Remote Workers,/posture-back-health
Subtopic,The Importance of Ergonomic Chair Adjustments,/ergonomic-chair-adjustments,Posture & Back Health for Remote Workers,/posture-back-health
Subtopic,How to Prevent Slouching at Your Desk,/prevent-slouching-desk,Posture & Back Health for Remote Workers,/posture-back-health
Pillar,Best Desks for Small Spaces & Apartments,/best-desks-small-spaces,,
Subtopic,Best Compact Desks for Small Apartments,/best-compact-desks,Best Desks for Small Spaces & Apartments,/best-desks-small-spaces
Subtopic,How to Set Up a Small Workspace at Home,/small-workspace-setup,Best Desks for Small Spaces & Apartments,/best-desks-small-spaces
Subtopic,Best Foldable Desks for Remote Workers,/best-foldable-desks,Best Desks for Small Spaces & Apartments,/best-desks-small-spaces
Subtopic,How to Maximize Desk Space in a Tiny Home Office,/maximize-desk-space-tiny-office,Best Desks for Small Spaces & Apartments,/best-desks-small-spaces
Subtopic,Best Wall-Mounted Desks for Small Spaces,/best-wall-mounted-desks,Best Desks for Small Spaces & Apartments,/best-desks-small-spaces
Subtopic,Corner Desks vs. Floating Desks: What’s Best?,/corner-vs-floating-desks,Best Desks for Small Spaces & Apartments,/best-desks-small-spaces
Subtopic,Best Multifunctional Desks for Small Homes,/best-multifunctional-desks,Best Desks for Small Spaces & Apartments,/best-desks-small-spaces
Subtopic,How to Organize a Small Desk for Maximum Productivity,/organize-small-desk-productivity,Best Desks for Small Spaces & Apartments,/best-desks-small-spaces
Subtopic,Best Adjustable Desks for Small Workspaces,/best-adjustable-desks-small-spaces,Best Desks for Small Spaces & Apartments,/best-desks-small-spaces
Subtopic,DIY Small Desk Setup Ideas,/diy-small-desk-setup,Best Desks for Small Spaces & Apartments,/best-desks-small-spaces
Subtopic,How to Use Shelves to Expand a Small Home Office,/shelves-small-home-office,Best Desks for Small Spaces & Apartments,/best-desks-small-spaces
Subtopic,Best L-Shaped Desks for Small Offices,/best-l-shaped-desks-small-office,Best Desks for Small Spaces & Apartments,/best-desks-small-spaces
Subtopic,How to Choose the Best Desk for a Studio Apartment,/best-desk-studio-apartment,Best Desks for Small Spaces & Apartments,/best-desks-small-spaces
Subtopic,Best Standing Desks for Small Rooms,/best-standing-desks-small-rooms,Best Desks for Small Spaces & Apartments,/best-desks-small-spaces
Subtopic,How to Make a Small Home Office Feel Bigger,/make-small-home-office-bigger,Best Desks for Small Spaces & Apartments,/best-desks-small-spaces
Subtopic,Best Desks with Storage for Small Spaces,/best-desks-with-storage,Best Desks for Small Spaces & Apartments,/best-desks-small-spaces
Subtopic,How to Set Up a Mobile Workstation in a Small Home,/mobile-workstation-small-home,Best Desks for Small Spaces & Apartments,/best-desks-small-spaces
Subtopic,The Best Desk Colors for Small Spaces,/best-desk-colors-small-spaces,Best Desks for Small Spaces & Apartments,/best-desks-small-spaces
Subtopic,Best Under-Bed Desks for Compact Workspaces,/best-under-bed-desks,Best Desks for Small Spaces & Apartments,/best-desks-small-spaces
Subtopic,How to Turn a Closet into a Home Office,/closet-home-office-setup,Best Desks for Small Spaces & Apartments,/best-desks-small-spaces
Pillar,Temperature & Air Quality Control in Home Offices,/home-office-temperature-air-quality,,
Subtopic,How Temperature Affects Productivity,/temperature-productivity-impact,Temperature & Air Quality Control in Home Offices,/home-office-temperature-air-quality
Subtopic,Best Space Heaters for Home Offices,/best-space-heaters-home-office,Temperature & Air Quality Control in Home Offices,/home-office-temperature-air-quality
Subtopic,Best Fans for Keeping a Home Office Cool,/best-fans-home-office,Temperature & Air Quality Control in Home Offices,/home-office-temperature-air-quality
Subtopic,How to Improve Air Circulation in a Home Office,/improve-air-circulation-office,Temperature & Air Quality Control in Home Offices,/home-office-temperature-air-quality
Subtopic,Best Air Purifiers for Workspaces,/best-air-purifiers-workspaces,Temperature & Air Quality Control in Home Offices,/home-office-temperature-air-quality
Subtopic,How to Reduce Humidity in a Home Office,/reduce-humidity-home-office,Temperature & Air Quality Control in Home Offices,/home-office-temperature-air-quality
Subtopic,Best Desk Humidifiers for a Comfortable Workspace,/best-desk-humidifiers,Temperature & Air Quality Control in Home Offices,/home-office-temperature-air-quality
Subtopic,How to Set Up a Ventilation System for a Home Office,/home-office-ventilation-setup,Temperature & Air Quality Control in Home Offices,/home-office-temperature-air-quality
Subtopic,Best Smart Thermostats for Temperature Control,/best-smart-thermostats,Temperature & Air Quality Control in Home Offices,/home-office-temperature-air-quality
Subtopic,How to Maintain Optimal Air Quality While Working,/maintain-optimal-air-quality,Temperature & Air Quality Control in Home Offices,/home-office-temperature-air-quality
Subtopic,Best Essential Oil Diffusers for Focus & Productivity,/best-essential-oil-diffusers,Temperature & Air Quality Control in Home Offices,/home-office-temperature-air-quality
Subtopic,How to Prevent Dry Eyes from Office Air Conditioning,/prevent-dry-eyes-ac,Temperature & Air Quality Control in Home Offices,/home-office-temperature-air-quality
Subtopic,How to Reduce Static Electricity in Your Home Office,/reduce-static-electricity-office,Temperature & Air Quality Control in Home Offices,/home-office-temperature-air-quality
Subtopic,Best Ways to Keep Your Office Warm in Winter,/keep-office-warm-winter,Temperature & Air Quality Control in Home Offices,/home-office-temperature-air-quality
Subtopic,How to Eliminate Stale Air in a Home Office,/eliminate-stale-air-office,Temperature & Air Quality Control in Home Offices,/home-office-temperature-air-quality
Subtopic,Best Green Plants for Air Purification,/best-green-plants-air-purification,Temperature & Air Quality Control in Home Offices,/home-office-temperature-air-quality
Subtopic,How to Reduce Allergens in a Home Office,/reduce-allergens-home-office,Temperature & Air Quality Control in Home Offices,/home-office-temperature-air-quality
Subtopic,Best Desk Fans with Quiet Operation,/best-quiet-desk-fans,Temperature & Air Quality Control in Home Offices,/home-office-temperature-air-quality
Subtopic,How to Reduce Screen Glare from Sunlight,/reduce-screen-glare-sunlight,Temperature & Air Quality Control in Home Offices,/home-office-temperature-air-quality
Subtopic,The Benefits of Natural Ventilation in Home Offices,/benefits-natural-ventilation,Temperature & Air Quality Control in Home Offices,/home-office-temperature-air-quality
Pillar,Productivity Techniques for Remote Work,/productivity-techniques-remote-work,,
Subtopic,Best Productivity Methods for Remote Work,/best-productivity-methods-remote-work,Productivity Techniques for Remote Work,/productivity-techniques-remote-work
Subtopic,How to Overcome Procrastination While Working from Home,/overcome-procrastination-wfh,Productivity Techniques for Remote Work,/productivity-techniques-remote-work
Subtopic,The Pomodoro Technique: Does It Work for Remote Workers?,/pomodoro-technique-remote-work,Productivity Techniques for Remote Work,/productivity-techniques-remote-work
Subtopic,How to Set Up a Distraction-Free Workspace,/distraction-free-workspace,Productivity Techniques for Remote Work,/productivity-techniques-remote-work
Subtopic,Best Time Management Apps for Remote Workers,/best-time-management-apps,Productivity Techniques for Remote Work,/productivity-techniques-remote-work
Subtopic,How to Maintain Work-Life Balance at Home,/work-life-balance-remote-work,Productivity Techniques for Remote Work,/productivity-techniques-remote-work
Subtopic,How to Stay Motivated When Working from Home,/stay-motivated-wfh,Productivity Techniques for Remote Work,/productivity-techniques-remote-work
Subtopic,Best Digital Planners for Productivity,/best-digital-planners-productivity,Productivity Techniques for Remote Work,/productivity-techniques-remote-work
Subtopic,How to Prioritize Tasks Effectively,/prioritize-tasks-effectively,Productivity Techniques for Remote Work,/productivity-techniques-remote-work
Subtopic,The Best Focus Music for Deep Work,/best-focus-music-deep-work,Productivity Techniques for Remote Work,/productivity-techniques-remote-work
Subtopic,How to Reduce Zoom Fatigue & Stay Engaged,/reduce-zoom-fatigue,Productivity Techniques for Remote Work,/productivity-techniques-remote-work
Subtopic,The Science Behind Workplace Productivity,/science-workplace-productivity,Productivity Techniques for Remote Work,/productivity-techniques-remote-work
Subtopic,How to Avoid Burnout While Working Remotely,/avoid-burnout-remote-work,Productivity Techniques for Remote Work,/productivity-techniques-remote-work
Subtopic,How to Use Mindfulness to Improve Focus,/mindfulness-focus-productivity,Productivity Techniques for Remote Work,/productivity-techniques-remote-work
Subtopic,Best Ergonomic Tips for Sustained Focus,/ergonomic-tips-sustained-focus,Productivity Techniques for Remote Work,/productivity-techniques-remote-work
Subtopic,How to Organize Your Workday for Maximum Efficiency,/organize-workday-efficiency,Productivity Techniques for Remote Work,/productivity-techniques-remote-work
Subtopic,Best Standing Desk Timers to Optimize Productivity,/best-standing-desk-timers,Productivity Techniques for Remote Work,/productivity-techniques-remote-work
Subtopic,How to Track & Improve Your Productivity Metrics,/track-improve-productivity-metrics,Productivity Techniques for Remote Work,/productivity-techniques-remote-work
Subtopic,How to Effectively Communicate in Remote Teams,/effective-communication-remote-teams,Productivity Techniques for Remote Work,/productivity-techniques-remote-work
Subtopic,The Best Browser Extensions for Productivity,/best-browser-extensions-productivity,Productivity Techniques for Remote Work,/productivity-techniques-remote-work
Pillar,Internet Speed & Connectivity for Remote Workers,/internet-speed-remote-work,,
Subtopic,How Much Internet Speed Do You Need for Remote Work?,/internet-speed-remote-work,Internet Speed & Connectivity for Remote Workers,/internet-speed-remote-work
Subtopic,Best WiFi Routers for Home Offices,/best-wifi-routers-home-office,Internet Speed & Connectivity for Remote Workers,/internet-speed-remote-work
Subtopic,How to Optimize Your Internet for Video Calls,/optimize-internet-video-calls,Internet Speed & Connectivity for Remote Workers,/internet-speed-remote-work
Subtopic,Best Mesh WiFi Systems for Large Homes,/best-mesh-wifi-systems,Internet Speed & Connectivity for Remote Workers,/internet-speed-remote-work
Subtopic,How to Troubleshoot Slow Internet for Work,/troubleshoot-slow-internet-work,Internet Speed & Connectivity for Remote Workers,/internet-speed-remote-work
Subtopic,Best Ethernet Cables for Fast & Stable Connections,/best-ethernet-cables-stable-connection,Internet Speed & Connectivity for Remote Workers,/internet-speed-remote-work
Subtopic,How to Set Up a Secure Home Office Network,/secure-home-office-network,Internet Speed & Connectivity for Remote Workers,/internet-speed-remote-work
Subtopic,The Best VPNs for Remote Work Security,/best-vpns-remote-work,Internet Speed & Connectivity for Remote Workers,/internet-speed-remote-work
Subtopic,How to Reduce WiFi Lag & Buffering Issues,/reduce-wifi-lag-buffering,Internet Speed & Connectivity for Remote Workers,/internet-speed-remote-work
Subtopic,Best Mobile Hotspots for Remote Work,/best-mobile-hotspots-remote-work,Internet Speed & Connectivity for Remote Workers,/internet-speed-remote-work
Subtopic,How to Use a WiFi Extender for Better Coverage,/wifi-extender-better-coverage,Internet Speed & Connectivity for Remote Workers,/internet-speed-remote-work
Subtopic,Best Fiber Internet Providers for Remote Workers,/best-fiber-internet-providers,Internet Speed & Connectivity for Remote Workers,/internet-speed-remote-work
Subtopic,The Impact of Latency on Remote Work Productivity,/latency-impact-productivity,Internet Speed & Connectivity for Remote Workers,/internet-speed-remote-work
Subtopic,How to Use Dual Internet Connections for Backup,/dual-internet-connections-backup,Internet Speed & Connectivity for Remote Workers,/internet-speed-remote-work
Subtopic,Best Online Speed Test Tools for Work,/best-online-speed-test-tools,Internet Speed & Connectivity for Remote Workers,/internet-speed-remote-work
Subtopic,How to Secure Your Work WiFi from Cyber Threats,/secure-wifi-cyber-threats,Internet Speed & Connectivity for Remote Workers,/internet-speed-remote-work
Subtopic,Best Powerline Adapters for Remote Work,/best-powerline-adapters-remote-work,Internet Speed & Connectivity for Remote Workers,/internet-speed-remote-work
Subtopic,The Importance of Ping & Jitter in Video Calls,/ping-jitter-video-calls,Internet Speed & Connectivity for Remote Workers,/internet-speed-remote-work
Subtopic,How to Reduce Internet Disruptions While Working,/reduce-internet-disruptions,Internet Speed & Connectivity for Remote Workers,/internet-speed-remote-work
Subtopic,Best USB WiFi Adapters for Laptops,/best-usb-wifi-adapters,Internet Speed & Connectivity for Remote Workers,/internet-speed-remote-work
Pillar,Best Work-From-Home Accessories & Tech,/best-wfh-accessories,,
Subtopic,Top 10 Must-Have Work-From-Home Accessories,/top-wfh-accessories,Best Work-From-Home Accessories & Tech,/best-wfh-accessories
Subtopic,Best Laptop Cooling Pads for Long Work Hours,/best-laptop-cooling-pads,Best Work-From-Home Accessories & Tech,/best-wfh-accessories
Subtopic,Best Desk Lamps with Wireless Charging,/best-desk-lamps-wireless-charging,Best Work-From-Home Accessories & Tech,/best-wfh-accessories
Subtopic,Best Under-Desk Footrests for Comfort,/best-under-desk-footrests,Best Work-From-Home Accessories & Tech,/best-wfh-accessories
Subtopic,How to Choose the Right Surge Protector for Your Office,/best-surge-protectors-office,Best Work-From-Home Accessories & Tech,/best-wfh-accessories
Subtopic,Best Lap Desks for Working from the Couch,/best-lap-desks-couch,Best Work-From-Home Accessories & Tech,/best-wfh-accessories
Subtopic,The Best Smart Mugs to Keep Coffee Hot,/best-smart-mugs,Best Work-From-Home Accessories & Tech,/best-wfh-accessories
Subtopic,Best Multi-Device Keyboards for Productivity,/best-multi-device-keyboards,Best Work-From-Home Accessories & Tech,/best-wfh-accessories
Subtopic,How to Choose the Best Office Chair Cushion,/best-office-chair-cushions,Best Work-From-Home Accessories & Tech,/best-wfh-accessories
Subtopic,Best Laptop Docking Stations for Home Offices,/best-laptop-docking-stations,Best Work-From-Home Accessories & Tech,/best-wfh-accessories
Subtopic,Best Adjustable Monitor Stands for Remote Work,/best-adjustable-monitor-stands,Best Work-From-Home Accessories & Tech,/best-wfh-accessories
Subtopic,The Best Desk Pads for a Clean Setup,/best-desk-pads,Best Work-From-Home Accessories & Tech,/best-wfh-accessories
Subtopic,Best Under-Desk Bike Pedals for Staying Active,/best-under-desk-bike-pedals,Best Work-From-Home Accessories & Tech,/best-wfh-accessories
Subtopic,Best Digital Note-Taking Tools for Work,/best-digital-note-taking-tools,Best Work-From-Home Accessories & Tech,/best-wfh-accessories
Subtopic,Best Smart Assistants for Home Office Automation,/best-smart-assistants-home-office,Best Work-From-Home Accessories & Tech,/best-wfh-accessories
Subtopic,How to Set Up a Voice-Controlled Home Office,/voice-controlled-home-office,Best Work-From-Home Accessories & Tech,/best-wfh-accessories
Subtopic,Best Noise-Reducing Desk Mats for Work,/best-noise-reducing-desk-mats,Best Work-From-Home Accessories & Tech,/best-wfh-accessories
Subtopic,Best Adjustable Laptop Stands for Comfort,/best-adjustable-laptop-stands,Best Work-From-Home Accessories & Tech,/best-wfh-accessories
Subtopic,Best USB Hubs for Multi-Device Connectivity,/best-usb-hubs-multi-device,Best Work-From-Home Accessories & Tech,/best-wfh-accessories
Subtopic,How to Build a Cable-Free Minimalist Desk Setup,/minimalist-desk-setup,Best Work-From-Home Accessories & Tech,/best-wfh-accessories
Pillar,Creating a Distraction-Free Workspace at Home,/distraction-free-home-office,,
Subtopic,How to Set Boundaries for a Distraction-Free Home Office,/set-boundaries-home-office,Creating a Distraction-Free Workspace at Home,/distraction-free-home-office
Subtopic,Best Noise-Canceling Headphones for Deep Focus,/best-noise-canceling-headphones-focus,Creating a Distraction-Free Workspace at Home,/distraction-free-home-office
Subtopic,How to Reduce Screen Distractions While Working,/reduce-screen-distractions,Creating a Distraction-Free Workspace at Home,/distraction-free-home-office
Subtopic,The Importance of Decluttering for Better Focus,/declutter-for-better-focus,Creating a Distraction-Free Workspace at Home,/distraction-free-home-office
Subtopic,Best Minimalist Desks for a Clutter-Free Workspace,/best-minimalist-desks,Creating a Distraction-Free Workspace at Home,/distraction-free-home-office
Subtopic,How to Deal with Family & Roommate Distractions,/deal-with-family-roommate-distractions,Creating a Distraction-Free Workspace at Home,/distraction-free-home-office
Subtopic,Best Time Blocking Techniques for Deep Work,/time-blocking-techniques,Creating a Distraction-Free Workspace at Home,/distraction-free-home-office
Subtopic,How to Optimize Your Desk Setup for Focus,/optimize-desk-setup-focus,Creating a Distraction-Free Workspace at Home,/distraction-free-home-office
Subtopic,The Role of Lighting in Reducing Distractions,/lighting-reduce-distractions,Creating a Distraction-Free Workspace at Home,/distraction-free-home-office
Subtopic,Best Background Noise for Concentration,/best-background-noise-focus,Creating a Distraction-Free Workspace at Home,/distraction-free-home-office
Subtopic,How to Use the Pomodoro Technique for Focus,/pomodoro-technique-focus,Creating a Distraction-Free Workspace at Home,/distraction-free-home-office
Subtopic,The Best Work-from-Home Rules to Minimize Interruptions,/wfh-rules-minimize-interruptions,Creating a Distraction-Free Workspace at Home,/distraction-free-home-office
Subtopic,How to Create a Work-Only Zone in a Shared Space,/work-only-zone-shared-space,Creating a Distraction-Free Workspace at Home,/distraction-free-home-office
Subtopic,How to Train Your Brain for Better Focus & Productivity,/train-brain-focus-productivity,Creating a Distraction-Free Workspace at Home,/distraction-free-home-office
Subtopic,The Best Desk Dividers & Privacy Screens for Focus,/best-desk-dividers-privacy-screens,Creating a Distraction-Free Workspace at Home,/distraction-free-home-office
Subtopic,How to Turn Off Digital Notifications for Maximum Focus,/turn-off-digital-notifications,Creating a Distraction-Free Workspace at Home,/distraction-free-home-office
Subtopic,Best Office Plants for a Calming, Focused Workspace,/best-office-plants-focus,Creating a Distraction-Free Workspace at Home,/distraction-free-home-office
Subtopic,How to Use Color Psychology to Enhance Focus,/color-psychology-workspace,Creating a Distraction-Free Workspace at Home,/distraction-free-home-office
Subtopic,The Science Behind a Distraction-Free Environment,/science-distraction-free-environment,Creating a Distraction-Free Workspace at Home,/distraction-free-home-office
Subtopic,Best Home Office Soundproofing Solutions,/best-home-office-soundproofing,Creating a Distraction-Free Workspace at Home,/distraction-free-home-office
Pillar,Work From Home Burnout & Mental Health,/remote-work-burnout-mental-health,,
Subtopic,Signs of Work-from-Home Burnout & How to Prevent It,/signs-prevent-wfh-burnout,Work From Home Burnout & Mental Health,/remote-work-burnout-mental-health
Subtopic,Best Work-Life Balance Strategies for Remote Workers,/work-life-balance-strategies,Work From Home Burnout & Mental Health,/remote-work-burnout-mental-health
Subtopic,How to Create a Healthy Work Routine at Home,/healthy-work-routine-home,Work From Home Burnout & Mental Health,/remote-work-burnout-mental-health
Subtopic,How to Set Mental Boundaries Between Work & Life,/mental-boundaries-work-life,Work From Home Burnout & Mental Health,/remote-work-burnout-mental-health
Subtopic,Best Stress-Relief Techniques for Remote Workers,/stress-relief-techniques-remote-work,Work From Home Burnout & Mental Health,/remote-work-burnout-mental-health
Subtopic,How to Deal with Loneliness When Working from Home,/deal-with-loneliness-wfh,Work From Home Burnout & Mental Health,/remote-work-burnout-mental-health
Subtopic,The Best Ways to Stay Motivated as a Remote Worker,/stay-motivated-remote-work,Work From Home Burnout & Mental Health,/remote-work-burnout-mental-health
Subtopic,How Exercise Can Improve Remote Work Mental Health,/exercise-mental-health-remote-work,Work From Home Burnout & Mental Health,/remote-work-burnout-mental-health
Subtopic,Best Meditation & Mindfulness Apps for Remote Workers,/best-mindfulness-apps-remote-workers,Work From Home Burnout & Mental Health,/remote-work-burnout-mental-health
Subtopic,How to Prevent Overworking When You Work from Home,/prevent-overworking-wfh,Work From Home Burnout & Mental Health,/remote-work-burnout-mental-health
Subtopic,The Role of Breaks in Avoiding Burnout,/role-of-breaks-avoid-burnout,Work From Home Burnout & Mental Health,/remote-work-burnout-mental-health
Subtopic,Best Digital Detox Strategies for Remote Employees,/digital-detox-strategies,Work From Home Burnout & Mental Health,/remote-work-burnout-mental-health
Subtopic,How to Recognize & Address Work Fatigue,/recognize-address-work-fatigue,Work From Home Burnout & Mental Health,/remote-work-burnout-mental-health
Subtopic,How to Stay Social While Working Remotely,/stay-social-while-working-remotely,Work From Home Burnout & Mental Health,/remote-work-burnout-mental-health
Subtopic,Best Sleep Hygiene Tips for Remote Workers,/best-sleep-hygiene-remote-workers,Work From Home Burnout & Mental Health,/remote-work-burnout-mental-health
Subtopic,How to Talk to Your Boss About Remote Work Burnout,/talk-to-boss-burnout,Work From Home Burnout & Mental Health,/remote-work-burnout-mental-health
Subtopic,The Best Ergonomic Changes to Reduce Stress at Work,/ergonomic-changes-reduce-stress,Work From Home Burnout & Mental Health,/remote-work-burnout-mental-health
Subtopic,The Impact of Screen Time on Mental Health,/screen-time-mental-health,Work From Home Burnout & Mental Health,/remote-work-burnout-mental-health
Subtopic,How to Develop a Self-Care Routine for Remote Work,/self-care-routine-remote-work,Work From Home Burnout & Mental Health,/remote-work-burnout-mental-health
Subtopic,Best Mental Health Resources for Remote Employees,/mental-health-resources-remote-workers,Work From Home Burnout & Mental Health,/remote-work-burnout-mental-health
Pillar,Budget-Friendly Home Office Setups,/budget-home-office-setup,,
Subtopic,How to Set Up a Home Office on a Budget,/set-up-budget-home-office,Budget-Friendly Home Office Setups,/budget-home-office-setup
Subtopic,Best Affordable Desks for Remote Work,/best-affordable-desks,Budget-Friendly Home Office Setups,/budget-home-office-setup
Subtopic,Cheap & Effective Ergonomic Chair Alternatives,/cheap-ergonomic-chair-alternatives,Budget-Friendly Home Office Setups,/budget-home-office-setup
Subtopic,DIY Standing Desk Ideas on a Budget,/diy-standing-desk-budget,Budget-Friendly Home Office Setups,/budget-home-office-setup
Subtopic,Best Budget Monitor Stands & Risers,/best-budget-monitor-stands,Budget-Friendly Home Office Setups,/budget-home-office-setup
Subtopic,How to Find Discounted Office Supplies,/find-discounted-office-supplies,Budget-Friendly Home Office Setups,/budget-home-office-setup
Subtopic,Best Budget-Friendly Home Office Storage Solutions,/budget-home-office-storage,Budget-Friendly Home Office Setups,/budget-home-office-setup
Subtopic,How to Reuse & Repurpose Furniture for a Home Office,/reuse-repurpose-furniture-office,Budget-Friendly Home Office Setups,/budget-home-office-setup
Subtopic,Best Secondhand & Used Office Equipment Deals,/best-used-office-equipment,Budget-Friendly Home Office Setups,/budget-home-office-setup
Subtopic,How to Build a Minimalist Home Office for Cheap,/build-minimalist-home-office-cheap,Budget-Friendly Home Office Setups,/budget-home-office-setup
Subtopic,Affordable Noise-Canceling Headphones for Work,/affordable-noise-canceling-headphones,Budget-Friendly Home Office Setups,/budget-home-office-setup
Subtopic,How to Improve Home Office Lighting on a Budget,/budget-home-office-lighting,Budget-Friendly Home Office Setups,/budget-home-office-setup
Subtopic,Best Budget-Friendly Cable Management Hacks,/budget-cable-management-hacks,Budget-Friendly Home Office Setups,/budget-home-office-setup
Subtopic,Cheap Ways to Soundproof Your Home Office,/cheap-soundproof-home-office,Budget-Friendly Home Office Setups,/budget-home-office-setup
Subtopic,The Best Free Productivity Tools for Remote Work,/best-free-productivity-tools,Budget-Friendly Home Office Setups,/budget-home-office-setup
Subtopic,How to Find Home Office Furniture Discounts & Sales,/home-office-furniture-discounts,Budget-Friendly Home Office Setups,/budget-home-office-setup
Subtopic,Best Budget-Friendly Home Office Accessories,/budget-home-office-accessories,Budget-Friendly Home Office Setups,/budget-home-office-setup
Subtopic,How to Make a Small Budget Office Look Expensive,/make-budget-office-look-expensive,Budget-Friendly Home Office Setups,/budget-home-office-setup
Subtopic,Best DIY Office Decor Ideas to Personalize Your Space,/diy-office-decor-ideas,Budget-Friendly Home Office Setups,/budget-home-office-setup
Subtopic,The Best Affordable Laptop Stands & Ergonomic Gear,/affordable-laptop-stands-ergonomic-gear,Budget-Friendly Home Office Setups,/budget-home-office-setup
Pillar,Hybrid Workspaces: Balancing Home & Office,/hybrid-workspaces-home-office,,
Subtopic,How to Set Up a Hybrid Workstation at Home,/hybrid-workstation-setup,Hybrid Workspaces: Balancing Home & Office,/hybrid-workspaces-home-office
Subtopic,The Best Laptops for Hybrid Workers,/best-laptops-hybrid-workers,Hybrid Workspaces: Balancing Home & Office,/hybrid-workspaces-home-office
Subtopic,How to Seamlessly Transition Between Home & Office,/transition-home-office-hybrid,Hybrid Workspaces: Balancing Home & Office,/hybrid-workspaces-home-office
Subtopic,Best Hybrid Work Bags & Backpacks for Commuting,/best-hybrid-work-bags,Hybrid Workspaces: Balancing Home & Office,/hybrid-workspaces-home-office
Subtopic,How to Keep Work Files Organized Across Locations,/organize-work-files-hybrid,Hybrid Workspaces: Balancing Home & Office,/hybrid-workspaces-home-office
Subtopic,The Best Headphones for Hybrid Workspaces,/best-headphones-hybrid-work,Hybrid Workspaces: Balancing Home & Office,/hybrid-workspaces-home-office
Subtopic,How to Stay Productive When Switching Workspaces,/stay-productive-switching-workspaces,Hybrid Workspaces: Balancing Home & Office,/hybrid-workspaces-home-office
Subtopic,Best Cloud Storage Solutions for Hybrid Workers,/best-cloud-storage-hybrid-work,Hybrid Workspaces: Balancing Home & Office,/hybrid-workspaces-home-office
Subtopic,How to Sync Your Work Devices for Maximum Efficiency,/sync-work-devices-hybrid,Hybrid Workspaces: Balancing Home & Office,/hybrid-workspaces-home-office
Subtopic,The Best Ergonomic Travel Accessories for Hybrid Work,/best-ergonomic-travel-accessories,Hybrid Workspaces: Balancing Home & Office,/hybrid-workspaces-home-office
Subtopic,How to Set Up a Mobile Office for Work Travel,/mobile-office-work-travel,Hybrid Workspaces: Balancing Home & Office,/hybrid-workspaces-home-office
Subtopic,Best Remote Work Apps for Hybrid Employees,/best-remote-work-apps-hybrid,Hybrid Workspaces: Balancing Home & Office,/hybrid-workspaces-home-office
Subtopic,How to Establish a Consistent Work Routine,/consistent-work-routine-hybrid,Hybrid Workspaces: Balancing Home & Office,/hybrid-workspaces-home-office
Subtopic,How to Manage Office & Remote Schedules Effectively,/manage-office-remote-schedules,Hybrid Workspaces: Balancing Home & Office,/hybrid-workspaces-home-office
Subtopic,Best Desks for Hybrid Work Environments,/best-desks-hybrid-work,Hybrid Workspaces: Balancing Home & Office,/hybrid-workspaces-home-office
Subtopic,The Benefits of Hybrid Work & How to Make It Work,/benefits-of-hybrid-work,Hybrid Workspaces: Balancing Home & Office,/hybrid-workspaces-home-office
Subtopic,How to Set Communication Rules for Hybrid Teams,/communication-rules-hybrid-teams,Hybrid Workspaces: Balancing Home & Office,/hybrid-workspaces-home-office
Subtopic,Best Cybersecurity Practices for Hybrid Workers,/cybersecurity-hybrid-workers,Hybrid Workspaces: Balancing Home & Office,/hybrid-workspaces-home-office
Subtopic,How to Create a Hybrid Work Policy for Employers,/create-hybrid-work-policy,Hybrid Workspaces: Balancing Home & Office,/hybrid-workspaces-home-office
Subtopic,The Future of Hybrid Work: Trends & Predictions,/future-of-hybrid-work,Hybrid Workspaces: Balancing Home & Office,/hybrid-workspaces-home-office